compressor_diameter_mm,compressor_blade_count,combustor_length_mm,combustor_outer_diameter_mm,combustor_inner_diameter_mm,combustor_liner_thickness_mm,combustor_num_injectors,turbine_blade_count,turbine_hub_tip_ratio,nozzle_exit_diameter_mm,rpm,lattice_cell_size_mm,lattice_density,compressor_pressure_ratio,compressor_efficiency,turbine_inlet_temp_K,turbine_efficiency,mass_flow_kg_s,inlet_pressure_recovery,combustor_pressure_drop_fraction,combustion_efficiency,nozzle_discharge_coefficient,nozzle_isentropic_efficiency,combustor_air_fuel_ratio,feasible,thrust_error_N,tsfc_kg_N_s,thermal_efficiency,fuel_flow_kg_s,compressor_power_W,thrust_to_weight,thrust_N_corrected,exhaust_temp_K_corrected,exhaust_velocity_m_s_corrected,total_mass_kg
66.0,12,90.0,100.0,60.0,1.2,4,19,0.65,50.0,108000.0,3.0,0.35,2.00010796,0.8499504384,1111.7946949899801,0.8652598791625672,0.2188482658354367,0.9820484574595262,0.031264546765634546,0.9674593104174869,0.97047951559374,0.9504530028128834,,True,1.2978831785787008,4.827170331483998e-05,0.10635335040479006,0.004776652057783512,16332.801124976098,8.051877728797319,98.7021168214213,959.1881764275878,441.5901147202751,1.228910093710441
66.0,12,90.0,100.0,60.0,1.2,4,19,0.65,50.0,108000.0,3.0,0.35,2.00010796,0.8473936405062408,1146.859149444713,0.8527847396361419,0.2191306477115147,0.9780509268567583,0.03730096288392413,0.9673984114497569,0.9714265714858266,0.9528009119938969,,True,0.23470888351904762,5.0291928558782894e-05,0.10221006277555526,0.00503003789994301,16403.198033757693,8.141976124365653,99.76529111648095,992.5702288073608,445.37057526622107,1.228910093710441
66.0,12,90.0,100.0,60.0,1.2,4,19,0.65,50.0,108000.0,3.0,0.35,2.00010796,0.8475577205700714,1150.6532000028928,0.8509772140627944,0.22163141508208528,0.9732664614601422,0.041099034160898565,0.9635986179484174,0.969588885860678,0.9446075901860189,,True,0.1688526254238525,5.0975677849211005e-05,0.10231790685554518,0.005066040534714589,16587.127821958013,8.140022051601537,99.83114737457615,998.734059362078,440.4171934516999,1.228910093710441
66.0,12,90.0,100.0,60.0,1.2,4,19,0.65,50.0,108000.0,3.0,0.35,2.658566043931061,0.848578333185914,1000.8516428160235,0.8401582554259936,0.22369943199154568,0.9774426172981451,0.04712904846318117,0.9469675330606093,0.9700621801677266,0.9500750972669953,,True,0.0006671031395342197,3.8499665822880424e-05,0.1309466988791961,0.003859937611472037,24604.172670581094,8.101569638420024,100.00066710313953,817.6289512086444,439.06428819750704,1.228910093710441
66.0,12,90.0,100.0,60.0,1.2,4,19,0.65,50.0,108000.0,3.0,0.35,4.563464842836119,0.8447795704530857,948.4262129698354,0.8790460414132708,0.20936137301936592,0.9834358971801084,0.04424689968489238,0.9494116822278083,0.9877863851233969,0.9497702493896037,,True,2.9889605579543286,2.6265293608152192e-05,0.20006506990016926,0.002718736098540188,38971.67672083468,8.220563101683911,102.98896055795433,683.1745282473007,485.7203455296199,1.228910093710441
66.0,12,90.0,100.0,60.0,1.2,4,19,0.65,50.0,108000.0,3.0,0.35,4.563464842836119,0.8447795704530857,948.4262129698354,0.8790460414132708,0.20936137301936592,0.9834358971801084,0.04424689968489238,0.9494116822278083,0.9877863851233969,0.9497702493896037,,True,2.9889605579543286,2.6265293608152192e-05,0.20006506990016926,0.002718736098540188,38971.67672083468,8.220563101683911,102.98896055795433,683.1745282473007,485.7203455296199,1.228910093710441
66.0,12,90.0,100.0,60.0,1.2,4,19,0.65,50.0,108000.0,3.0,0.35,4.880047568187164,0.8342873429019879,872.8608557289954,0.8777983794220092,0.23220281744385635,0.9772471209196361,0.044979195102691716,0.9691732174827813,0.9844318921441977,0.9286022677678079,,True,1.6510073810984096,2.2461583403814083e-05,0.1757527783245935,0.002124811453929923,46173.401068006795,7.685187206677074,98.34899261890159,624.622018203766,418.8162180497125,1.228910093710441
66.0,12,90.0,100.0,60.0,1.2,4,19,0.65,50.0,108000.0,3.0,0.35,4.89339702162922,0.8320939157940179,873.8910339495785,0.8774460969285995,0.2404959128059598,0.97455802230923,0.03709117282265601,0.9797143845522087,0.9744798816840786,0.9318698512895024,,True,1.4224444824317999,2.2403542078600295e-05,0.17533683481264928,0.002172756773601292,48051.33161046342,7.905143752332596,101.4224444824318,623.6970306001424,417.10325832022477,1.228910093710441
66.0,12,90.0,100.0,60.0,1.2,4,19,0.65,50.0,108000.0,3.0,0.35,4.89339702162922,0.8320939157940179,873.8910339495785,0.8774460969285995,0.2404959128059598,0.97455802230923,0.03709117282265601,0.9705326799618921,0.973525259991174,0.9318698512895024,,True,1.3285490036601004,2.2630794035177526e-05,0.17289866071838397,0.002189194837834091,48051.33161046342,7.898082712513744,101.3285490036601,623.6970306001424,416.71874375070877,1.228910093710441
66.0,12,90.0,100.0,60.0,1.2,4,19,0.65,50.0,108000.0,3.0,0.35,2.731136521998692,0.8499358486036274,1021.629435965192,0.8539989921462173,0.20572155440566442,0.9764851163721144,0.04306388510784928,0.9651536539632649,0.9816696102852959,0.9421785041964337,,True,2.5581203470210028,3.767942570378476e-05,0.14126632137898068,0.0037289047260948543,23306.591978173547,7.907126088761263,97.441879652979,827.9753340619209,465.0028797992645,1.228910093710441
66.0,12,90.0,100.0,60.0,1.2,4,19,0.65,50.0,108000.0,3.0,0.35,2.0477986552295273,0.8489763302183323,1137.884439398471,0.854343755614938,0.2171828228309352,0.975617877135512,0.03888391477268932,0.962815025644005,0.9753419322280936,0.9569798599982839,,True,0.42424327898899605,4.916982600847355e-05,0.10381794895276462,0.004871847564069965,16836.933981109563,8.13293431137333,99.575756721011,979.9300223055026,448.7431504465034,1.228910093710441
66.0,12,90.0,100.0,60.0,1.2,4,19,0.65,50.0,108000.0,3.0,0.35,4.694020095324644,0.8470429727931069,903.9425481812729,0.8766105261837976,0.22363914263944287,0.9758097797077488,0.04709137318027354,0.9672620628956188,0.9789266078216491,0.9298983310295532,,True,1.106716126447722,2.4016566554918785e-05,0.18571746532196134,0.002323012155576503,42472.80550156696,7.9858577210162665,101.10671612644772,652.2739430527063,446.0807160151202,1.228910093710441
66.0,12,90.0,100.0,60.0,1.2,4,19,0.65,50.0,108000.0,3.0,0.35,4.5293417354120225,0.8350369666673035,932.9825124444305,0.8788932984804074,0.21370488853975048,0.981190399064065,0.0409256607523304,0.9603144793660428,0.9748763703998791,0.9421479954955002,,True,0.5024856735827399,2.5674853051945985e-05,0.1881948424503504,0.002544045938236066,39999.36009518501,7.984439472450303,100.50248567358274,674.4367528223057,464.31407354468627,1.228910093710441
66.0,12,90.0,100.0,60.0,1.2,4,19,0.65,50.0,108000.0,3.0,0.35,4.6636839155055485,0.8375901712397541,879.1133483560116,0.8782712876628529,0.23148634352539008,0.9815279238528838,0.04483318985906818,0.95047142467217,0.9875207282543701,0.9434944766075193,,True,0.5831406461933426,2.3392197829829323e-05,0.17756256523210057,0.002259006003207828,44228.87909781979,7.90702016997412,100.58314064619334,633.026323430625,429.4243833498395,1.228910093710441
66.0,12,90.0,100.0,60.0,1.2,4,19,0.65,50.0,108000.0,3.0,0.35,4.492554770088362,0.8352011060965936,905.434752155502,0.877808324710535,0.22551737086689574,0.9786417996086866,0.03692282086760736,0.9610128325676975,0.974836110861069,0.9411122312001746,,True,1.5086607717340996,2.454285755959211e-05,0.17952386492796607,0.002428421060382513,41921.77041799103,8.027467961979557,101.5086607717341,655.7625609748458,444.18573168900963,1.228910093710441
66.0,12,90.0,100.0,60.0,1.2,4,19,0.65,50.0,108000.0,3.0,0.35,2.1700548386001257,0.848041602576228,1100.7772407604116,0.874519683508497,0.21813606670997163,0.9765676637005112,0.03939488657494736,0.9728017930175837,0.9746530222850758,0.9470490228607089,,True,1.159243714206525,4.5190202443299916e-05,0.1140001577859451,0.00459834398539522,18456.352367479354,8.258943891240765,101.15924371420653,935.0918103149688,454.107029784903,1.228910093710441
66.0,12,90.0,100.0,60.0,1.2,4,19,0.65,50.0,108000.0,3.0,0.35,2.667502032048598,0.8490471453046745,1006.2960932295373,0.8458754228018268,0.21891044061758974,0.9776211647181062,0.04281075354629437,0.9563071381883809,0.9833970437795737,0.9557794670284935,,True,0.7595344311519483,3.8653333706090895e-05,0.13531430708032663,0.003915718851361746,24158.88871645167,8.177662250654738,100.75953443115195,819.9225302528447,452.0113794835057,1.228910093710441
66.0,12,90.0,100.0,60.0,1.2,4,19,0.65,50.0,108000.0,3.0,0.35,3.415516477607321,0.8351123140817434,920.299092323681,0.8724652847224582,0.22953413281726584,0.9757177293172787,0.04659776847519268,0.954396668269631,0.976157613106523,0.9586332062923802,,True,0.9160722778746191,3.0547003190669555e-05,0.15630349572870791,0.003047878390843395,33463.24763009741,8.078611287177964,100.91607227787462,708.5571349549195,433.7628520650985,1.228910093710441
66.0,12,90.0,100.0,60.0,1.2,4,19,0.65,50.0,108000.0,3.0,0.35,4.181089626230834,0.8395623299174488,879.6267401696585,0.8777103490194365,0.22715561085652786,0.9776083756684142,0.04421823874909072,0.9471857533564476,0.9847780166013814,0.9429590088286463,,True,2.0857544454669323,2.4923736558896454e-05,0.1637432122633143,0.0023750421528424904,39561.36057422524,7.758542747364923,97.91424555453307,649.40085416826,426.08024406149366,1.228910093710441
66.0,12,90.0,100.0,60.0,1.2,4,19,0.65,50.0,108000.0,3.0,0.35,4.456514360114306,0.8408306490057772,976.8588324165281,0.866070172333334,0.20523699063555736,0.9798126443817371,0.04580196263631971,0.9597214963965275,0.979858405198909,0.9462230295991553,,True,2.3574989034072615,2.835757842533129e-05,0.19149207804336,0.002941287144003134,37646.80501501659,8.165077794292928,102.35749890340726,710.7024538864574,491.44127856651346,1.228910093710441
66.0,12,90.0,100.0,60.0,1.2,4,19,0.65,50.0,108000.0,3.0,0.35,2.6106955739276785,0.844456231496476,1026.445883798543,0.8569134317793315,0.21122182322925065,0.9783237988059168,0.04209498611822537,0.9563726903153873,0.9678445447886004,0.950167291309151,,True,2.431383032497365,3.916399380157041e-05,0.13562166210539983,0.0037965176128000227,22849.22195755612,7.928606011950479,97.56861696750263,838.3979649801723,453.6255127702347,1.228910093710441
66.0,12,90.0,100.0,60.0,1.2,4,19,0.65,50.0,108000.0,3.0,0.35,4.241275913577472,0.8388831644421055,988.7169485026441,0.8764470842971228,0.1992387948852139,0.9831207217438513,0.044561499905038486,0.9546944633186316,0.9740754434372239,0.9429058738514824,,True,1.14331954685926,2.9691241299745875e-05,0.19241655704835897,0.003024064754189818,35151.0317164616,8.075395454155927,101.14331954685926,724.6505105967333,498.6376080472585,1.228910093710441
66.0,12,90.0,100.0,60.0,1.2,4,19,0.65,50.0,108000.0,3.0,0.35,4.795231005024826,0.8376369271410189,976.6124052201345,0.8700802766471127,0.2053591959197167,0.9798505041318897,0.04586494991060495,0.9605618986147537,0.9737374061602682,0.9477289304219427,,True,2.535903700748861,2.740060656035392e-05,0.19613187053025538,0.0028412163134162605,40114.27712102897,8.140128647939449,102.53590370074886,698.1473896189851,492.21438913325073,1.228910093710441
66.0,12,90.0,100.0,60.0,1.2,4,19,0.65,50.0,108000.0,3.0,0.35,2.4508468280357563,0.8327070836444103,1080.0966975384345,0.8629460049975219,0.2129626673218416,0.9789824372269225,0.04064782820860292,0.9618492036894748,0.9709819180691523,0.9464980739326353,,True,1.3877628227738938,4.125996572732358e-05,0.12856311626282313,0.004238479417856621,21619.6526866677,8.251594478686867,101.3877628227739,893.1361996676396,466.58844830512055,1.228910093710441
66.0,12,90.0,100.0,60.0,1.2,4,19,0.65,50.0,108000.0,3.0,0.35,2.418704940425315,0.8499479688052822,1048.0351257379114,0.8542047943511455,0.21728463488111935,0.9757694220286732,0.045295397029290176,0.955711131906522,0.9712397440084721,0.9473081648004181,,True,0.6879155471288954,4.187790120059431e-05,0.1239660289441831,0.004194403122789912,21250.959434641794,8.081579736848381,99.3120844528711,872.1546798152831,448.10735877444495,1.228910093710441
66.0,12,90.0,100.0,60.0,1.2,4,19,0.65,50.0,108000.0,3.0,0.35,2.138558573481742,0.8480672112366574,1070.8156337203743,0.8717504534992321,0.2196059328991012,0.9792500766948853,0.0494690364424538,0.95586398117999,0.9749241285279424,0.9487728094393089,,True,2.7425400804125246,4.565333832639704e-05,0.10965688939342473,0.004469960588947996,18189.759133687072,7.932636217502447,97.25745991958748,913.9174424133425,434.00442561971005,1.228910093710441
66.0,12,90.0,100.0,60.0,1.2,4,19,0.65,50.0,108000.0,3.0,0.35,4.7335536153140465,0.8349742913817021,919.682825948745,0.878649658300625,0.21045046199322023,0.9815987435052371,0.04424692355002309,0.9651502295498381,0.9828547067339244,0.9455358138866716,,True,2.570277285965801,2.4543315128064497e-05,0.18865382672565148,0.0023337510395868887,40818.159684387836,7.719081281731129,97.4297227140342,659.4827177178804,456.37260346783773,1.228910093710441
66.0,12,90.0,100.0,60.0,1.2,4,19,0.65,50.0,108000.0,3.0,0.35,3.197489188281617,0.8497719468940542,986.9551567763306,0.8750954815679086,0.20777364836733175,0.979740692449357,0.045483611114118354,0.9613417198217983,0.975322528719822,0.9468372785497421,,True,0.13685220378734186,3.3886441188532756e-05,0.161991988205385,0.003389544546873531,27890.563845564586,8.086785140679861,100.13685220378734,769.7424645598503,473.8152174734849,1.228910093710441
66.0,12,90.0,100.0,60.0,1.2,4,19,0.65,50.0,108000.0,3.0,0.35,4.879682458509556,0.833825844875423,891.5981064658728,0.8774782399361536,0.22525921886107964,0.9720139244699051,0.038373630576090924,0.9616800156590348,0.9743338162240693,0.9327789737713352,,True,1.9414620244866683,2.360147519715928e-05,0.17770503765041917,0.0022392830869813795,44814.85526975305,7.6905704955511,98.05853797551333,637.2613416901867,430.0398932140448,1.228910093710441
66.0,12,90.0,100.0,60.0,1.2,4,19,0.65,50.0,108000.0,3.0,0.35,2.1020039794323484,0.8453018581324624,1122.74818719949,0.8665381995278344,0.21639000263810715,0.9775393270305412,0.04109395885574288,0.9559040966367246,0.9697691803654425,0.963577238386341,,True,0.7232654117099315,4.713613434166663e-05,0.10886061460044219,0.004714721583621,17529.703481100914,8.110874636710719,99.27673458829007,959.177282598712,449.3189505796763,1.228910093710441
66.0,12,90.0,100.0,60.0,1.2,4,19,0.65,50.0,108000.0,3.0,0.35,2.9244627782854087,0.8499504384,1011.6308773969372,0.8756266151487351,0.20817929294968718,0.9797095030169747,0.04500789190729607,0.9524293044670321,0.9777730348450354,0.9457899022977924,,True,0.8518787648038568,3.576120793691639e-05,0.15457799195620592,0.0036262778664302425,25449.71244187855,8.17842317597435,100.85187876480386,805.213367208587,475.5386760655842,1.228910093710441
66.0,12,90.0,100.0,60.0,1.2,4,19,0.65,50.0,108000.0,3.0,0.35,2.237059300757213,0.8477794627670421,1031.8811278834962,0.87663974005539,0.22652678685485383,0.9758777982341067,0.041547155633849045,0.9638787166889113,0.974723055908408,0.9534368246584671,,True,0.044130230667548176,4.342243881987177e-05,0.11561737933629657,0.0043834556350784305,20014.631771841414,8.139330344921888,99.95586976933245,870.4581400049136,432.62957352806325,1.228910093710441
66.0,12,90.0,100.0,60.0,1.2,4,19,0.65,50.0,108000.0,3.0,0.35,2.941736733255893,0.8481346835895514,987.0276106812651,0.875104518062013,0.21534220269490145,0.9746780466039064,0.04249269004671475,0.9606322104026237,0.9745810569025294,0.9458856872928356,,True,0.9472484339145808,3.6072493392299696e-05,0.15052933809276858,0.0035888128079797884,26549.964944622898,8.170301136075203,100.94724843391458,785.1121649792836,460.59725877493497,1.228910093710441
66.0,12,90.0,100.0,60.0,1.2,4,19,0.65,50.0,108000.0,3.0,0.35,2.524165214609513,0.8427594224226602,1076.8500330460702,0.861839311642216,0.20939595378329268,0.9756986207900424,0.04926648874122607,0.9610350887900148,0.9729602679312785,0.9455360784216915,,True,0.051107319642042626,4.075505034987542e-05,0.13242742474433844,0.004117917816448168,21790.188500173677,8.142732461414186,100.05110731964204,887.8956964592937,468.5410644549051,1.228910093710441
66.0,12,90.0,100.0,60.0,1.2,4,19,0.65,50.0,108000.0,3.0,0.35,4.840360478016541,0.8343931641653932,882.1307777358745,0.873552826189354,0.23130957374145794,0.9804866643612878,0.044543335837626354,0.9656107348315276,0.9740492609830875,0.9335118162815301,,True,1.2692509729529888,2.3197020407464464e-05,0.17218102863889861,0.0022080494157673894,45695.67319290099,7.7229738332569635,98.73074902704701,632.1568810345865,421.89950306997156,1.228910093710441
66.0,12,90.0,100.0,60.0,1.2,4,19,0.65,50.0,108000.0,3.0,0.35,3.4632215037329885,0.8425675310863743,930.9522561094094,0.8699653735469133,0.2142296612623953,0.9770264959527382,0.04231034671901057,0.9569753329259904,0.9778505939200661,0.9461044448326486,,True,2.901185739023532,3.028253369903614e-05,0.16582299330097097,0.002932944748798932,31370.963418143503,7.785880151916864,97.09881426097647,714.7237675630846,446.8763764800741,1.228910093710441
66.0,12,90.0,100.0,60.0,1.2,4,19,0.65,50.0,108000.0,3.0,0.35,2.0424653326652864,0.8398301876444658,1109.3526349555104,0.8576532190305232,0.22506643968453438,0.9756986267347741,0.04023215397721908,0.9475964239764043,0.9709025817442638,0.9581856427453006,,True,0.3788829015394697,4.8603114478590096e-05,0.1035032006370162,0.004846991299562434,17566.827013989536,8.128133875363638,99.62111709846053,955.6125199612989,433.62122606682635,1.228910093710441
66.0,12,90.0,100.0,60.0,1.2,4,19,0.65,50.0,108000.0,3.0,0.35,3.8159213144556428,0.8373364269707894,938.3153601764932,0.8766834178744141,0.21955546807494092,0.9738544444398614,0.03071403637045547,0.9612454244936264,0.9745017542167406,0.9452207478596122,,True,2.790630943866063,2.8907003951606315e-05,0.176266229981067,0.0030087889633931305,35394.1798784715,8.214516475392282,102.79063094386606,703.0527117001839,461.10163392137656,1.228910093710441
66.0,12,90.0,100.0,60.0,1.2,4,19,0.65,50.0,108000.0,3.0,0.35,3.662424721017027,0.8328523548753584,925.3935840085526,0.8707139466991209,0.21741988345295263,0.9808082670057132,0.044641333145537886,0.9635300918865572,0.9829219506701392,0.9378104165201937,,True,1.600950437636243,2.9312601945212052e-05,0.1669758422944231,0.002887432292890154,33946.064685056095,7.864444784522638,98.39904956236376,703.281564064893,445.8005968494373,1.228910093710441
66.0,12,90.0,100.0,60.0,1.2,4,19,0.65,50.0,108000.0,3.0,0.35,2.2758502795564985,0.8478043982243791,1058.337666897802,0.8683182074227682,0.21565666930931832,0.9809122718019412,0.04250265354380653,0.9525963083234608,0.9788754965007613,0.9577294961356748,,True,0.9954315457529361,4.218870354427918e-05,0.12157297132840728,0.004214509190408323,19510.271243371742,8.068482363953636,99.00456845424706,888.7915173490661,449.6330903162367,1.228910093710441
66.0,12,90.0,100.0,60.0,1.2,4,19,0.65,50.0,108000.0,3.0,0.35,4.62119241937015,0.8457252535497173,935.1173934301291,0.8582874947406225,0.2094819180190162,0.9793702463279351,0.043306813130733174,0.9470669304558252,0.9753875721006409,0.9383204558108232,,True,2.2688015351917983,2.624712831855124e-05,0.18069207806375157,0.002586478214851603,39348.75146928819,7.762956874740435,97.7311984648082,677.803918551871,460.78849550600967,1.228910093710441
66.0,12,90.0,100.0,60.0,1.2,4,19,0.65,50.0,108000.0,3.0,0.35,2.540496272301965,0.8498856017105583,1035.9930439524735,0.8793466099927699,0.2155598932503581,0.9801931973258737,0.045029789768128034,0.9558408878041649,0.9729622421071631,0.9460492698779821,,True,1.4603896201890194,3.936459749411888e-05,0.1380592814472779,0.004021485986953281,22420.04701053481,8.262500294143003,101.46038962018902,849.4469120607623,462.28316959681524,1.228910093710441
66.0,12,90.0,100.0,60.0,1.2,4,19,0.65,50.0,108000.0,3.0,0.35,4.658538624650797,0.8232602061331089,929.0035304690874,0.8772868205779456,0.2174157098096025,0.9796431987415293,0.04319873021714485,0.9608970023551472,0.9748507464675991,0.938424383542192,,True,0.022409800092916043,2.5144858298734936e-05,0.18162303446668387,0.0024756537791039276,42226.132296637785,7.897317575207163,99.97759019990708,669.5451330107313,454.15525351703064,1.228910093710441
66.0,12,90.0,100.0,60.0,1.2,4,19,0.65,50.0,108000.0,3.0,0.35,3.1342441709994033,0.8499504384,942.8239201308364,0.8736230970283516,0.22241253822319942,0.9757654245846893,0.04173882285419009,0.9631649005533607,0.9756394811261881,0.9504210006858331,,True,0.8187657363436074,3.3115852324436185e-05,0.15733858500501097,0.0033442480946355947,29248.10683713136,8.128035535971893,100.81876573634361,739.1742705619042,446.55854037520146,1.228910093710441
66.0,12,90.0,100.0,60.0,1.2,4,19,0.65,50.0,108000.0,3.0,0.35,2.388254968174753,0.8495421150392954,1056.5541061821484,0.8652895010092039,0.21981554027577638,0.9857652641363905,0.043414159410900106,0.962569631570632,0.9729232162960927,0.9543861685809933,,True,2.8993515148580826,4.04045290248496e-05,0.1317594797798348,0.004240660412522336,21160.22959731966,8.38055254232908,102.89935151485808,877.1803968629182,458.70749097030637,1.228910093710441
66.0,12,90.0,100.0,60.0,1.2,4,19,0.65,50.0,108000.0,3.0,0.35,4.293226776137659,0.837279002256565,936.889706365774,0.8774334820991563,0.2123660780714555,0.9829512758380874,0.04160289572037745,0.9566950269904613,0.9745856719464487,0.9553409451234628,,True,0.22860594810417467,2.6958188195684038e-05,0.18243793386717538,0.0026868245641508176,37925.565377263316,7.988830924865751,100.22860594810417,683.4421432603724,465.18795376693487,1.228910093710441
66.0,12,90.0,100.0,60.0,1.2,4,19,0.65,50.0,108000.0,3.0,0.35,2.3163150343387935,0.8479497234200513,1023.0351478496641,0.857294861966801,0.2215174556369554,0.9778183707193124,0.04528299487036723,0.9554826923905322,0.9734335746051218,0.9358485005245161,,True,2.7088689301044298,4.2785692962238905e-05,0.11648910078723021,0.00415065141260508,20520.030259077543,7.905645388054935,97.29113106989557,859.7770856665479,430.82416739111284,1.228910093710441
66.0,12,90.0,100.0,60.0,1.2,4,19,0.65,50.0,108000.0,3.0,0.35,4.053692253622814,0.8431524048231043,989.3092595517762,0.8757990116061919,0.2021869927536474,0.979895778657423,0.040906667950649026,0.9623268529650235,0.9720703557200284,0.9375846519309522,,True,2.1416867495901215,3.052416065071693e-05,0.19091777202661156,0.003146144786233764,34143.06860528352,8.180793831413368,102.14168674959012,732.2964283148748,498.1597286252098,1.228910093710441
66.0,12,90.0,100.0,60.0,1.2,4,19,0.65,50.0,108000.0,3.0,0.35,4.5773760830297086,0.8455719511141497,943.5543092003018,0.8788951574791153,0.20937177070748966,0.9811819185680279,0.043897322169069074,0.9483216519254731,0.9823513033890188,0.9481227829528306,,True,1.7565484640248172,2.6289626861074854e-05,0.19598258269506988,0.002690968737808136,39033.320919786,8.106673626150982,101.75654846402482,680.0553012006793,479.2790303516437,1.228910093710441
66.0,12,90.0,100.0,60.0,1.2,4,19,0.65,50.0,108000.0,3.0,0.35,2.0949541525826842,0.8491133876376076,1105.2020103366544,0.8724816799208102,0.2146264961534648,0.9810837514428123,0.041081330585003586,0.9626588125360642,0.9719662851105086,0.9456752188776341,,True,1.9683260694867784,4.721431511727245e-05,0.11127536598356133,0.004657756009414769,17222.123650965277,7.998393994019988,98.03167393051322,945.5414811970186,447.13980063214274,1.228910093710441
66.0,12,90.0,100.0,60.0,1.2,4,19,0.65,50.0,108000.0,3.0,0.35,2.851280343001857,0.8479162682603104,974.9024445041011,0.8661788331917669,0.2126731647942983,0.9755951911820229,0.0421090255834784,0.9661028195614159,0.9768700225101009,0.9527773375528805,,True,2.847159424974791,3.644443164515918e-05,0.14421842787445527,0.003536856427186623,25349.38216020457,7.855564132673867,97.15284057502521,780.7711305887813,448.9464948556108,1.228910093710441
66.0,12,90.0,100.0,60.0,1.2,4,19,0.65,50.0,108000.0,3.0,0.35,4.1446258643987175,0.8402521117202024,946.9155171615296,0.8658488301950685,0.2070573639878358,0.9771894029211567,0.03723482675440553,0.9732707466024977,0.9678835121372572,0.9444474782534935,,True,2.498092943631164,2.8157977312002683e-05,0.17669543616854247,0.0027603448006441648,35763.02208659814,7.772004616899654,97.50190705636884,699.2161158387979,463.6680939612154,1.228910093710441
66.0,12,90.0,100.0,60.0,1.2,4,19,0.65,50.0,108000.0,3.0,0.35,3.2988047916061007,0.8448547991438212,979.4912961535762,0.8655043326117619,0.20499027517455568,0.9791024461527373,0.04001652534349918,0.9570709739148271,0.9677527777514491,0.9572180060815259,,True,2.63114560475816,3.3442155331698536e-05,0.16495094217771217,0.003263103396189933,28553.9243515777,7.845076199140997,97.36885439524184,758.4744233337972,467.0753442374747,1.228910093710441
66.0,12,90.0,100.0,60.0,1.2,4,19,0.65,50.0,108000.0,3.0,0.35,2.906138366148247,0.8402144591296394,956.9997627640798,0.8762055951078055,0.2218342903213793,0.9775086113897296,0.03831999177923337,0.9698334192717895,0.9734340983698725,0.9440799110967443,,True,0.048459002975945964,3.527596832527913e-05,0.14827744043211785,0.003499321259100909,27246.847450728168,8.080828255013527,100.04845900297595,761.8114346701046,443.9942200364904,1.228910093710441
66.0,12,90.0,100.0,60.0,1.2,4,19,0.65,50.0,108000.0,3.0,0.35,2.886902957521183,0.8394487956403578,929.7992060402667,0.8771048227260915,0.22913300400754166,0.9773845675342248,0.041336050282795446,0.9675581354792057,0.97706254421555,0.9362167071465688,,True,0.47079707807779414,3.446523952662164e-05,0.1473087322821684,0.0033818209281674255,27965.727268975734,8.032377755524708,99.5292029219222,743.0195670765457,428.6862895144657,1.228910093710441
66.0,12,90.0,100.0,60.0,1.2,4,19,0.65,50.0,108000.0,3.0,0.35,2.1336408243426277,0.8453693147658151,1092.4844142514748,0.8471115404665388,0.21978231326709424,0.9793940054872838,0.041879453460919314,0.9560546579110759,0.9687427861721778,0.9457456490726126,,True,1.8073924812824487,4.626592865665186e-05,0.10889818125062913,0.00455890209080944,18200.93655905398,8.009168607834864,98.19260751871755,933.4124121785587,437.7822232898306,1.228910093710441
66.0,12,90.0,100.0,60.0,1.2,4,19,0.65,50.0,108000.0,3.0,0.35,4.32825463521004,0.8448053483141122,952.2053885197006,0.8764224622660708,0.20490752208390003,0.97970916196198,0.03809033107989884,0.9496676166685241,0.9671444063167244,0.9383482731717562,,True,0.9777346270366962,2.801199322119349e-05,0.18581267366387602,0.0027516291919290944,36515.09205232754,7.902471028297307,99.0222653729633,694.5717384739535,475.52639605922155,1.228910093710441
66.0,12,90.0,100.0,60.0,1.2,4,19,0.65,50.0,108000.0,3.0,0.35,2.422056739250418,0.8453693147658151,1092.4844142514748,0.8471115404665388,0.21304386514226306,0.9793940054872838,0.041879453460919314,0.9560546579110759,0.9687427861721778,0.9457456490726126,,True,1.6638632568118936,4.320672032057743e-05,0.12474118021481692,0.004390669546199428,20986.14826719058,8.278594161747227,101.6638632568119,907.7350474090134,467.1536488350242,1.228910093710441
66.0,12,90.0,100.0,60.0,1.2,4,19,0.65,50.0,108000.0,3.0,0.35,2.0446748873413574,0.8498594003509348,1096.2984423236633,0.8637710743278018,0.2195210334169121,0.9793065726478296,0.04069903090785833,0.9624778957303817,0.9719565816745839,0.9523532022988503,,True,2.5587054552721895,4.792017891656057e-05,0.10640740888017074,0.0046797485542290455,16960.400345007427,7.949942814109619,97.44129454472781,943.6047698115513,435.18823031921636,1.228910093710441
66.0,12,90.0,100.0,60.0,1.2,4,19,0.65,50.0,108000.0,3.0,0.35,2.6503380889339265,0.8471744736810276,977.951990830456,0.8758751952421209,0.21618922565168458,0.9807596706514371,0.04729480868459228,0.9477557660153753,0.9870790670197881,0.9624304040754066,,True,1.8831315748587798,3.695691031115135e-05,0.1373210927194135,0.003648919164255828,23731.050443434175,7.958996512592116,98.11686842514122,793.9522704090973,445.89288186992184,1.228910093710441
66.0,12,90.0,100.0,60.0,1.2,4,19,0.65,50.0,108000.0,3.0,0.35,2.3393178293197865,0.8451578281268036,1019.6833950459899,0.8554360512552439,0.22261063933851152,0.9748757091716903,0.04270474159144315,0.9530387900366888,0.9707265610565154,0.9466920045651235,,True,2.6023735577016254,4.275029309994556e-05,0.11909922712982018,0.004141946864076736,20963.551417651423,7.903345045438294,97.39762644229837,854.2777862300757,429.0033448247463,1.228910093710441
66.0,12,90.0,100.0,60.0,1.2,4,19,0.65,50.0,108000.0,3.0,0.35,3.363129668917205,0.8498224475692225,988.1628931569594,0.8668107181437847,0.21151235298706825,0.9810673578469385,0.04725287202606177,0.9465230942560421,0.9744749322711355,0.9510845886355871,,True,2.6232202372255102,3.356454915145574e-05,0.16822265409072085,0.0034400634542284523,29851.023012096583,8.277112523102016,102.62322023722551,763.0420036091515,477.1222488164623,1.228910093710441
66.0,12,90.0,100.0,60.0,1.2,4,19,0.65,50.0,108000.0,3.0,0.35,2.231003231886355,0.8475141458706068,1108.7135523192808,0.8539445104874654,0.21963578785122329,0.9779918719395047,0.0452719449245309,0.9631652113568141,0.9731771307194611,0.9630917818081761,,True,2.347521555822439,4.477584833677219e-05,0.11631332596133431,0.004525444021964971,19338.686514046363,8.354701013828507,102.34752155582244,936.5598011282236,456.3251404516814,1.228910093710441
66.0,12,90.0,100.0,60.0,1.2,4,19,0.65,50.0,108000.0,3.0,0.35,2.736206805269533,0.849659632411686,1015.635666951064,0.8643352678627403,0.21530646185986582,0.9781269304120426,0.04090604103257872,0.957993298125527,0.988221120710415,0.9580124478126393,,True,2.9730734599941258,3.709781884729612e-05,0.145797087256437,0.003823830031423855,24452.279510807664,8.36945735148248,102.97307345999413,819.870380509566,469.86596453897545,1.228910093710441
66.0,12,90.0,100.0,60.0,1.2,4,19,0.65,50.0,108000.0,3.0,0.35,4.205105981725856,0.8436595960243205,944.3546142167786,0.8799571535,0.21096717089549044,0.9801563397411492,0.04307933504875369,0.958481115114598,0.9722548515057808,0.9512355132626794,,True,0.8137000168300403,2.7574314444058327e-05,0.1828039673861357,0.0027581147571282467,36742.063657784645,8.04918357546366,100.81370001683004,692.1436726288287,471.17433223546675,1.228910093710441
66.0,12,90.0,100.0,60.0,1.2,4,19,0.65,50.0,108000.0,3.0,0.35,2.53609034495387,0.8409042858163668,1056.7540444470599,0.8653676968696663,0.21277226088161116,0.9785515237300904,0.04236460371700086,0.9549687701523157,0.9732991218372142,0.955927326039411,,True,1.0273567257092964,3.952695660016139e-05,0.13621748107225043,0.004085028486860772,22319.02517436688,8.224344370619468,101.0273567257093,866.7049305411582,465.7547392624809,1.228910093710441
66.0,12,90.0,100.0,60.0,1.2,4,19,0.65,50.0,108000.0,3.0,0.35,2.8771965722476978,0.8467934835204005,998.9199982667346,0.8799571535,0.2081345871571619,0.9791473908471351,0.042998778041916534,0.9585038142139576,0.9838823433030831,0.9522181066136468,,True,0.32952793496767185,3.630205889238314e-05,0.1530349315885348,0.0035920250279507437,25089.862587550986,8.083975497257686,99.67047206503233,796.7374378869309,470.41947418473944,1.228910093710441
66.0,12,90.0,100.0,60.0,1.2,4,19,0.65,50.0,108000.0,3.0,0.35,3.3955518644226936,0.8429675705768864,976.9224463780993,0.8702813881289275,0.20907227430256176,0.9798620604599115,0.046979375306307705,0.9531409013648234,0.9799368923734519,0.9667361525298085,,True,0.29754834802687924,3.270339620019082e-05,0.16911412127736236,0.003317092572767748,30025.37342711766,8.087967638769099,100.29754834802688,751.100241684723,472.6343463203342,1.228910093710441
66.0,12,90.0,100.0,60.0,1.2,4,19,0.65,50.0,108000.0,3.0,0.35,2.7676869880110178,0.846581721690676,995.0018221268017,0.8654406817110296,0.21514284621021895,0.9792052602692594,0.04378675570231942,0.9574925198162515,0.9838362669138176,0.9541141518741993,,True,0.23295952404123454,3.666896234899376e-05,0.14368870404157255,0.003673523120975018,24843.72931841544,8.131624588258529,100.23295952404123,801.8689055557688,457.7715845450632,1.228910093710441
66.0,12,90.0,100.0,60.0,1.2,4,19,0.65,50.0,108000.0,3.0,0.35,2.2657868424604173,0.8488495026869882,1103.7441232847266,0.8622126962701158,0.21548196329504327,0.9703714205519048,0.039163536082677586,0.9635088184742165,0.9786332480792035,0.9574521900371049,,True,1.7448239196439346,4.372479899368698e-05,0.11966948796220925,0.0044854891480956985,19352.67267424538,8.30000507647321,101.74482391964393,929.3407569739429,462.02277972204774,1.228910093710441
66.0,12,90.0,100.0,60.0,1.2,4,19,0.65,50.0,108000.0,3.0,0.35,3.267698565320874,0.8435318354095066,953.0218649213884,0.8658090228791672,0.21287183884438401,0.9756713085879228,0.0418731966542076,0.9570794784340791,0.9763754349874715,0.9468004354074355,,True,2.2835272345095063,3.284741210112839e-05,0.15929637883908804,0.0032253993469406246,29420.416567763856,7.866921567287544,97.7164727654905,742.0179918785387,452.2268630204092,1.228910093710441
66.0,12,90.0,100.0,60.0,1.2,4,19,0.65,50.0,108000.0,3.0,0.35,3.479502000955729,0.8499474028117665,960.5165420637455,0.8583053963032741,0.20832861872583458,0.9769876961336816,0.044017283385224634,0.9622727466382405,0.9767544472418257,0.9377100873639967,,True,2.295115676812273,3.1986102731628205e-05,0.16575355418407073,0.003104730625427516,30377.73178684968,7.865101084891813,97.70488432318773,739.6775785179929,461.9593091384655,1.228910093710441
66.0,12,90.0,100.0,60.0,1.2,4,19,0.65,50.0,108000.0,3.0,0.35,2.4226049092110293,0.841663442709053,1148.9380882418443,0.8571805805566368,0.19847635574018363,0.9756080554232065,0.04362116909520855,0.9628993088203023,0.969897310786197,0.9460631385687098,,True,0.6377980428838015,4.41626980379217e-05,0.1278915534804143,0.004448198245885114,19642.938641039775,8.105512919543612,99.3622019571162,954.9735562719144,489.269712507006,1.228910093710441
66.0,12,90.0,100.0,60.0,1.2,4,19,0.65,50.0,108000.0,3.0,0.35,3.204520724345244,0.8499438002622793,998.9602079117547,0.8652939981362282,0.2047691670004094,0.9760040527103354,0.04562536586157392,0.9638081533413392,0.980448723633117,0.9485101260830575,,True,0.3153513956154228,3.4718921199315216e-05,0.1629520216110028,0.0034960605257125157,27542.765693878322,8.049325462019846,99.68464860438458,780.8720135275549,478.0122871625248,1.228910093710441
66.0,12,90.0,100.0,60.0,1.2,4,19,0.65,50.0,108000.0,3.0,0.35,3.6615856699136926,0.8458118553425238,931.0376769381793,0.8693566356312361,0.21322657752028706,0.9780042456691408,0.04112231193160871,0.9578593820044107,0.9804849637464459,0.9556781119112735,,True,1.8121952625031383,2.9336957147230596e-05,0.1715127703171,0.0028983508540591364,32774.32027601281,7.8716697266720965,98.18780473749686,705.6046166079786,453.3460157149553,1.228910093710441
66.0,12,90.0,100.0,60.0,1.2,4,19,0.65,50.0,108000.0,3.0,0.35,2.8798571201361494,0.846774492450065,969.9664859561676,0.8682599504986522,0.21444932119126325,0.9781954608169321,0.04100205452651294,0.9600815154986315,0.9737003429343541,0.945305003987547,,True,2.178891421045492,3.6178279624371006e-05,0.14642344650198602,0.0035220902376841374,25877.88697807923,7.9064967046139945,97.82110857895451,774.6604029391508,448.60153567820817,1.228910093710441
66.0,12,90.0,100.0,60.0,1.2,4,19,0.65,50.0,108000.0,3.0,0.35,3.411527550640532,0.8374196231953525,974.239021651834,0.873887081673445,0.21038573475977398,0.9855653905741102,0.031189809312084513,0.9591895968354527,0.9784981712091575,0.9640353566357198,,True,2.2445836487668345,3.17147423680758e-05,0.17274661674828437,0.0032785581402773366,30552.63365098145,8.253236091813598,102.24458364876683,744.422922927497,478.5093751388681,1.228910093710441
66.0,12,90.0,100.0,60.0,1.2,4,19,0.65,50.0,108000.0,3.0,0.35,2.470527922809115,0.8499504384,1028.1364287022955,0.8549073112287664,0.21895514627633725,0.978063611024312,0.03904346783382526,0.9622342808122779,0.981014444117038,0.9533611697694313,,True,0.9474832594275,3.988895276698345e-05,0.13553536546507255,0.004031023935932199,21997.533782941304,8.215040716377189,100.9474832594275,849.5403640151542,452.45586599047476,1.228910093710441
66.0,12,90.0,100.0,60.0,1.2,4,19,0.65,50.0,108000.0,3.0,0.35,4.881494950576509,0.8330877918742186,875.9217878537579,0.877469769049043,0.24009140708323665,0.9745240919921665,0.03827536690438323,0.9693742833355146,0.9737685448840874,0.9321235235036787,,True,1.613259317503008,2.264569474372355e-05,0.17403408758643824,0.002203412521549095,47821.884226041155,7.928798409751699,101.61325931750301,625.9868508334499,418.7224206621924,1.228910093710441
66.0,12,90.0,100.0,60.0,1.2,4,19,0.65,50.0,108000.0,3.0,0.35,4.847177659532942,0.8333759868011792,874.6826089908973,0.8737895660314261,0.2361969567167394,0.9794490548485396,0.03770405292636242,0.9671647410487378,0.9737060300788807,0.9330271702474546,,True,0.1701100126220325,2.281779669888639e-05,0.17237310014076468,0.0021749751591764108,46769.97850672289,7.790785590448712,99.82988998737797,625.9220261501648,417.79252484006855,1.228910093710441
